id,firstname
100,fW
101,pS
102,Jq
103,wA
104,xT
105,Ol
106,nT
107,WL
108," s"
109,pl
110,yr
111,yP
112,Ii
113,aU
114,GB
115,iS
116,eK
117,yD
118,XK
119,FA
120,If
121,IG
122,MZ
123,fg
124,"H "
125,Da
126,ii
127,zy
128," X"
129,aQ
130,WZ
131,jQ
132,Sq
133,EA
134,uO
135,zY
136,Sg
137,jN
138,Ze
139,HZ
140,Zn
141,Dw
142,hd
143,an
144,Pu
145,Wk
146,jP
147,"i "
148,cH
149,De
150,Bk
151,EO
152," j"
153,ma
154,ei
155,sk
156," P"
157,EH
158,qs
159,KV
160,qu
161,uZ
162,zp
163,jM
164,fx
165,aV
166,SX
167,Kc
168,PP
169,sQ
170,wK
171,rB
172,Um
173,vh
174,tS
175,wW
176,dB
177,qi
178,xB
179,As
180,HY
181,Pt
182,vd
183,HL
184,Nn
185,hg
186,pI
187,NM
188,NW
189,ub
190,pV
191,YC
192,He
193,kg
194,Xw
195,mY
196,om
197,LO
198,Du
199,hc
200,HS
201,"f "
202,oK
203,gW
204,ho
205,aE
206,tm
207,Ya
208,NW
209,Dd
210,Tl
211,EU
212,NC
213,lE
214,mg
215,gJ
216,TT
217,zO
218,gu
219,qt
220,Bz
221,TT
222,Ay
223,oC
224,mn
225,dE
226,YI
227,Bv
228,Gz
229,bG
230,Qw
231,uv
232,hl
233,Ey
234,jV
235,sn
236,tB
237,Rg
238,"h "
239,RP
240,aF
241,IW
242,vn
243,Lq
244,"H "
245,Dn
246,rH
247,fD
248,pF
249,Mq
250,qP
251,gQ
252,IY
253,Mx
254,bd
255,rc
256,lv
257,Iw
258,vY
259,Lz
260,Gl
261,QL
262,uB
263,II
264,ZN
265,ag
266,kW
267,Bh
268,NO
269,yl
270,cG
271,Dh
272,Ao
273,le
274,ta
275,DH
276,vq
277,VP
278,ND
279,gR
280,Dy
281,df
282,oT
283,KB
284,zK
285,vx
286,FV
287,yR
288,RK
289,bU
290,Ui
291,OE
292,qM
293,ZP
294,"H "
295,LA
296,WJ
297,XI
298,pH
299,BE
300,IX
301,LC
302,mq
303,Gm
304,Mt
305,lY
306,jr
307,pg
308,sr
309,II
310,mP
311,VY
312,Eu
313,Hy
314,EA
315,Mu
316,rS
317,VN
318,aW
319,mb
320,vv
321,qg
322,ox
323,Rj
324,ti
325,Ia
326,rr
327,aT
328,fT
329,Dn
330,AC
331,Mi
332,la
333,iE
334,ad
335,lj
336,Lw
337,aF
338,wS
339,Yo
340,qs
341,xh
342,Ll
343,iZ
344,gk
345,GQ
346,ES
347,yW
348,EX
349,WZ
350,Aw
351,ai
352,jK
353,EI
354,nM
355,zC
356,xD
357,Vt
358,Mn
359,WF
360,Zy
361,"m "
362,Kh
363,uy
364,Wt
365,SO
366,YR
367,Kd
368,Uv
369,un
370,Tq
371,rz
372,jP
373,Oc
374,sT
375,xx
376,eR
377,KU
378,BZ
379,hL
380,ZN
381,Hq
382,rq
383,bG
384,gF
385,Jl
386,wM
387,Xr
388,Is
389,bF
390,Vp
391,ZU
392,dQ
393,LB
394,Ux
395,Ef
396,bG
397,Ik
398,sA
399,FO
400,kp
401,cQ
402,qn
403,Dj
404,Il
405,vj
406,lF
407,iC
408,NA
409,EV
410,dk
411,YT
412,DT
413,Ly
414,cz
415,hO
416,gB
417,yn
418,yQ
419,Vt
420,oP
421,hV
422,Cm
423,WV
424,OX
425,ix
426,YV
427,RW
428,vS
429,AR
430,OH
431,GO
432,yR
433,JK
434,om
435,TB
436,wa
437,de
438,wa
439,lE
440,Hq
441,jX
442,EA
443,br
444,tC
445,qS
446,ar
447,yr
448," H"
449,qC
450," C"
451,mp
452,sn
453,do
454,sX
455,Lk
456,Pr
457,ek
458,mx
459,BN
460,ap
461,dw
462,OQ
463,Yk
464,eP
465,RH
466,eR
467,Ux
468,gf
469,Xp
470,zR
471,NN
472,YB
473,kE
474,lZ
475,Gu
476,SA
477,tD
478,WB
479,tT
480,Ep
481,Dk
482,lA
483,"T "
484,sQ
485,"Y "
486,tL
487,NE
488,dO
489,TH
490,oG
491,iG
492,ac
493,UQ
494,kb
495,Qn
496,GQ
497,AX
498,Jt
499,nD
500,KQ
501,oB
502,Cm
503,Jw
504,SL
505,tT
506,gG
507,qw
508,eI
509,Ep
510,md
511,rB
512,PG
513,OD
514,hp
515,Lx
516,Sv
517," l"
518,NW
519,kE
520,EN
521,OB
522,xE
523," W"
524,ug
525,EM
526,kr
527,Zr
528,ZJ
529," n"
530,BD
531,AO
532," M"
533,PE
534,Dx
535,YG
536,Yz
537,bh
538,hw
539,vb
540,UW
541,OA
542,vx
543,vM
544,NZ
545,wr
546,Vr
547,yc
548,KX
549,Ix
550,EU
551,cx
552,TP
553,fz
554,hs
555,yG
556,gX
557,uJ
558,NG
559,NO
560,hC
561,FZ
562,Rf
563,cw
564,jz
565,Hl
566,kc
567,Ka
568,TG
569,jW
570,wj
571,Zt
572,vq
573,Kx
574,GT
575,Ae
576,FA
577,dY
578,IW
579,OH
580,ny
581,Bm
582,Nj
583,je
584,eh
585,mk
586,RI
587,mW
588,Wf
589,Ti
590,uC
591,Fj
592,yf
593,zU
594,sF
595,gF
596,kS
597,nI
598,HV
599,Nq
600,Qi
601,HE
602,on
603,rq
604,WD
605,Jb
606,QF
607,Ux
608,Gm
609,CL
610,Gp
611," Y"
612," R"
613,QM
614,ZW
615,Ns
616,Hu
617,St
618,Nh
619,dy
620,vV
621,xS
622,pD
623,wY
624,TD
625,ap
626,SY
627,TK
628,AJ
629,"J "
630,nF
631,XA
632,LY
633,"B "
634,lo
635,Zy
636,GH
637,Rq
638,Bq
639,hw
640,oK
641,WG
642,GU
643,ha
644,Il
645,cn
646,Nn
647,Xa
648," T"
649,eg
650,Yp
651,ob
652,ok
653,bM
654,RJ
655,nz
656,Sr
657,BA
658,ji
659,Bk
660,TJ
661,iD
662,PY
663,Am
664,Fw
665,To
666,re
667,KP
668,yD
669," i"
670,zy
671,ze
672,uY
673,Hm
674,Rr
675,Bd
676,BR
677,hU
678,bV
679,fQ
680,"w "
681,XC
682,Kr
683,lZ
684,GS
685,Us
686,ZO
687,XH
688,sM
689,xK
690,oO
691,iZ
692,Kq
693,Sf
694,aG
695,lr
696,KK
697,Ln
698,nB
699,Sz
700,Fu
701,VD
702,gF
703,ej
704,xB
705,nO
706,EZ
707,FX
708,Zy
709,YQ
710,Fj
711,xb
712,xR
713,iN
714,uT
715,ls
716,aP
717,sA
718,mt
719,Sg
720,bg
721,uT
722,KN
723,Fu
724,pG
725,zB
726,XM
727,HD
728,fh
729,nL
730,ef
731,Ii
732,ov
733,zW
734,uf
735,jO
736,uC
737,hY
738,mc
739,tl
740,AG
741,Bq
742,NJ
743,Tc
744,MV
745,vT
746,Vu
747,bW
748,tN
749,CY
750,qo
751,FI
752,lh
753,Kc
754,"  "
755,xj
756,KJ
757,"O "
758,kw
759,Ew
760,om
761,QK
762,we
763,RY
764,zA
765,Po
766,SF
767,dy
768,GQ
769,Jv
770,bU
771,pe
772,Gz
773,CZ
774,JM
775,hd
776,ja
777,Vt
778,JH
779,kf
780,KO
781,vc
782,Lx
783,Az
784,NH
785,FX
786,pm
787,Jz
788,Jq
789,HJ
790,Ga
791,zZ
792,Tw
793,Hg
794,"P "
795,ao
796,ND
797,ci
798,BH
799,Yx
800,yT
801,zY
802,SB
803,yW
804,rG
805,pK
806,kP
807,ut
808,Nt
809,Sb
810,Hl
811,li
812,lj
813,lF
814," M"
815,sH
816,Aj
817,TQ
818,fc
819,dd
820,DF
821,bS
822,wS
823,CZ
824,WB
825,Eu
826,qv
827,"O "
828,DH
829,wZ
830,AQ
831,fj
832,Ja
833," L"
834,iL
835,Lq
836,yB
837,pq
838,jY
839,bY
840,eT
841,EF
842,NR
843,xo
844,UC
845,tZ
846,WH
847,Pn
848,Dk
849,mA
850,Kv
851,KZ
852,qx
853,Za
854,jB
855,cK
856,Kz
857,mR
858,sB
859,rR
860,VG
861,qP
862,yN
863,aU
864,Jr
865," V"
866,rU
867,ji
868,Uc
869,lu
870,dy
871,Jm
872,ls
873,Yg
874,EI
875,OM
876,xk
877,kq
878,Xt
879,BE
880,Zo
881,HR
882,Gc
883,"V "
884,cm
885,CC
886,lV
887,wd
888,nt
889,QV
890,wo
891,xR
892,DI
893,Hn
894,Ri
895,IN
896,kC
897,xT
898,GQ
899,GB
900,OG
901,HU
902,vZ
903,tw
904,yZ
905,pe
906,ar
907,rf
908,kY
909,vh
910,TY
911,IW
912,za
913,uf
914,Sy
915,DC
916," p"
917,"O "
918,Va
919,KW
920,sK
921,Mx
922,DS
923,dF
924,rB
925,iH
926,Mq
927,Ee
928," O"
929,rl
930,qu
931,hI
932,"g "
933,Mi
934,Up
935,Yj
936,al
937,jQ
938,LK
939,Dr
940,AO
941,QW
942,KV
943,Pn
944,Dy
945,SN
946,Qi
947,ML
948,JN
949,jh
950,nD
951,Gp
952,zn
953,sM
954,RS
955,bm
956,Xg
957,DZ
958,KC
959,MQ
960,fm
961,xl
962,eh
963,Xi
964,PP
965,Ue
966,Xa
967,Um
968,rJ
969,Ie
970,DQ
971,tW
972,bo
973,JT
974,yA
975,Au
976,uv
977,ll
978,RK
979,Ff
980,eW
981,SW
982,me
983,sN
984,ta
985,AL
986,rG
987,HW
988,Pe
989,LZ
990,Zd
991,kM
992,Rn
993,kf
994,Jh
995,Ki
996,kg
997,pU
998,Yh
999,yQ
1000,Dx
1001,"E "
1002,lC
1003,Kp
1004,Ks
1005,cx
1006,IA
1007,JT
1008,sw
1009,tf
1010,vS
1011,gB
1012,bt
1013,pr
1014,sK
1015,yS
1016,lF
1017,JI
1018,Pb
1019,aq
1020,HW
1021,Lh
1022,vG
1023,cA
1024,rQ
1025,aY
1026,to
1027,Oe
1028,cM
1029,BE
1030,WY
1031,Dk
1032,HL
1033,NS
1034,EV
1035,Rv
1036,kH
1037,Iz
1038,Kg
1039,hf
1040,aK
1041,"q "
1042,no
1043,mJ
1044,Lo
1045,dt
1046,SJ
1047,pk
1048,Px
1049,So
1050,oX
1051,nH
1052,Fd
1053,FD
1054,Iw
1055,FA
1056," s"
1057,cY
1058,KD
1059,Fz
1060,Vh
1061,lp
1062,pC
1063,ZG
1064,lV
1065,BU
1066,QD
1067,OH
1068,HP
1069,BV
1070,MJ
1071,lt
1072,le
1073,mP
1074,ZC
1075,Gh
1076,ga
1077,lJ
1078,pG
1079,FR
1080,od
1081,rM
1082,EU
1083,Ue
1084,HK
1085,"u "
1086,dM
1087,YP
1088,Ou
1089,EJ
1090,tP
1091,it
1092,sv
1093,ck
1094,ah
1095,XO
1096,SS
1097,ji
1098,"  "
1099,kZ